Problem,Rationale
a shopkeeper sold an article offering a discount of 5 % and earned a profit of 31.1 % . what would have been the percentage of profit earned if no discount had been offered ?,"""giving no discount to customer implies selling the product on printed price . suppose the cost price of the article is 100 . then printed price = 100 ã — ( 100 + 31.1 ) / ( 100 â ˆ ’ 5 ) = 138 hence , required % profit = 138 â € “ 100 = 38 % answer a"""
what will be the difference between simple and compound interest at 14 % per annum on a sum of rs . 1000 after 4 years ?,"""s . i . = ( 1000 * 14 * 4 ) / 100 = rs . 560 c . i . = [ 1000 * ( 1 + 14 / 100 ) 4 - 1000 ] = rs . 689 difference = ( 689 - 560 ) = rs . 129 answer : a"""
"there are 28 stations between hyderabad and bangalore . how many second class tickets have to be printed , so that a passenger can travel from any station to any other station ?","""the total number of stations = 30 from 30 stations we have to choose any two stations and the direction of travel ( i . e . , hyderabad to bangalore is different from bangalore to hyderabad ) in 3 ⁰ p ₂ ways . 30 p ₂ = 30 * 29 = 870 . answer : c"""
the present population of a town is 3888 . population increase rate is 20 % p . a . find the population of town before 2 years ?,"""p = 3888 r = 20 % required population of town = p / ( 1 + r / 100 ) ^ t = 3888 / ( 1 + 20 / 100 ) ^ 2 = 3888 / ( 6 / 5 ) ^ 2 = 2700 ( approximately ) answer is e"""
the triplicate ratio of 1 : 9 is ?,"""13 : 93 = 1 : 729 answer : e"""
the sum of all the integers s such that - 26 < s < 24 is,"""easy one - - 25 , - 24 , - 23 , - 22 , . . . . . . - 1,0 , 1 , 2 . . . . , 22 , 23 cancel everyhitng and we ' re left with - - 25 and - 24 s = - 49 . d is the answer ."""
"a full stationary oil tank that is a right circular cylinder has a radius of 100 feet and a height of 25 feet . oil is pumped from the stationary tank to an oil truck that has a tank that is a right circular cylinder until the truck ' s tank is completely filled . if the truck ' s tank has a radius of 6 feet and a height of 10 feet , how far ( in feet ) did the oil level drop in the stationary tank ?","""the volume of oil pumped to the tank = the volume of oil taken away from stationary cylinder . pi * 36 * 10 = pi * h * 100 * 100 ( h is distance that the oil level dropped ) h = 360 / 10,000 = 36 / 1000 = 0.036 ft the answer is a ."""
"each week a restaurant serving mexican food uses the same volume of chili paste , which comes in either 35 - ounce cans or 25 - ounce cans of chili paste . if the restaurant must order 20 more of the smaller cans than the larger cans to fulfill its weekly needs , then how manysmallercans are required to fulfill its weekly needs ?","""let x be the number of 35 ounce cans . therefore ( x + 20 ) is the number of 25 ounce cans . total volume is same , therefore 35 x = 25 ( x + 20 ) 10 x = 500 x = 50 therefore , number of 15 ounce cans = 50 + 20 = 70 ans - b"""
"if n is an integer and 101 n ^ 2 is less than or equal to 10000 , what is the greatest possible value of n ?","""101 * n ^ 2 < = 10000 n ^ 2 < = 10000 / 101 which will be less than 100 since 10000 / 100 = 100 which is the square of 9 next closest value of n where n ^ 2 < = 100 is 9 ans c"""
"a constructor estimates that 10 people can paint mr khans house in 4 days . if he uses 5 people instead of 10 , how long will they take to complete the job ?","""explanation : use formula for a work members ã — days = constant 10 ã — 4 = 5 ã — a a = 8 so answer is 8 days answer : d"""
the population of a town is 8000 . it decreases annually at the rate of 20 % p . a . what will be its population after 3 years ?,"""formula : ( after = 100 denominator ago = 100 numerator ) 8000 ã — 80 / 100 ã — 80 / 100 x 80 / 100 = 4096 answer : b"""
the percentage profit earned by selling an article for rs . 1920 is equal to the percentage loss incurred by selling the same article for rs . 1280 . at what price should the article be sold to make 40 % profit ?,"""let c . p . be rs . x . then , ( 1920 - x ) / x * 100 = ( x - 1280 ) / x * 100 1920 - x = x - 1280 2 x = 3200 = > x = 1600 required s . p . = 140 % of rs . 1600 = 140 / 100 * 1600 = rs . 2240 . answer : e"""
"running at the same constant rate , 6 identical machines can produce a total of 360 bottles per minute . at this rate , how many bottles could 10 such machines produce in 4 minutes ?","""let the required number of bottles be x . more machines , more bottles ( direct proportion ) more minutes , more bottles ( direct proportion ) machines 6 : 10 : : 360 : x time ( in minutes ) 1 : 4 6 x 1 x x = 10 x 4 x 360 x = ( 10 x 4 x 360 ) / ( 6 ) x = 2400 . answer : c"""
there are 1000 buildings in a street . a sign - maker is contracted to number the houses from 1 to 1000 . how many zeroes will he need ?,divide as ( 1 - 100 ) ( 100 - 200 ) . . . . ( 900 - 1000 ) total 192 answer : c
"a man bought 20 shares of rs . 50 at 5 discount , the rate of dividend being 13 . the rate of interest obtained is :","""investment = rs . [ 20 x ( 50 - 5 ) ] = rs . 900 . face value = rs . ( 50 x 20 ) = rs . 1000 . dividend = rs . 27 x 1000 = rs . 135 . 2 100 interest obtained = 135 x 100 % = 15 % 900 view answer discuss in forum answer : c"""
? % of 360 = 108,"""? % of 360 = 108 or , ? = 108 × 100 / 360 = 30 answer a"""
a train 300 m long is running at a speed of 45 km / hr . in what time will it pass a bridge 150 m long ?,"""speed = 45 * 5 / 18 = 25 / 2 m / sec total distance covered = 300 + 150 = 450 m required time = 450 * 2 / 25 = 36 sec answer : option b"""
what is the sum of all digits for the number 10 ^ 29 - 41 ?,"""10 ^ 29 is a 30 - digit number : 1 followed by 29 zeros . 10 ^ 29 - 41 is a 29 - digit number : 27 9 ' s and 59 at the end . the sum of the digits is 27 * 9 + 5 + 9 = 257 . the answer is a ."""
a train running at the speed of 120 km / hr crosses a pole in 18 seconds . what is the length of the train ?,"""speed = ( 120 x ( 5 / 18 ) m / sec = ( 100 / 3 ) m / sec . length of the train = ( speed x time ) . length of the train = ( ( 100 / 3 ) x 18 ) m = 600 m e"""
a train 100 meters long completely crosses a 300 meters long bridge in 45 seconds . what is the speed of the train is ?,"""s = ( 100 + 300 ) / 45 = 400 / 45 * 18 / 5 = 32 answer : a"""
"each month a retailer sells 100 identical items . on each item he makes a profit of $ 40 that constitutes 10 % of the item ' s price to the retailer . if the retailer contemplates giving a 5 % discount on the items he sells , what is the least number of items he will have to sell each month to justify the policy of the discount ?","""for this question , we ' ll need the following formula : sell price = cost + profit we ' re told that the profit on 1 item is $ 20 and that this represents 10 % of the cost : sell price = cost + $ 40 sell price = $ 400 + $ 40 thus , the sell price is $ 440 for each item . selling all 100 items gives the retailer . . . 100 ( $ 40 ) = $ 2,000 of profit if the retailer offers a 5 % discount on the sell price , then the equation changes . . . 5 % ( 440 ) = $ 22 discount $ 418 = $ 400 + $ 18 now , the retailer makes a profit of just $ 18 per item sold . to earn $ 2,000 in profit , the retailer must sell . . . . $ 18 ( x ) = $ 2,000 x = 2,000 / 18 x = 222.222222 items you ' ll notice that this is not among the answer choices . . . . 221 and 223 are . selling 221 items would get us 9 ( 221 ) = $ 1989 which is not enough money . to get back to at least $ 2,000 , we need to sell 223 items . final answer : d"""
"the average age of 15 students of a class is 14 years . out of these , the average age of 5 students is 14 years and that of the other 9 students is 16 years . tee age of the 15 th student is ?","""age of the 15 th student = [ 15 * 14 - ( 14 * 5 + 16 * 9 ) ] = ( 210 - 214 ) = 4 years . answer : b"""
"bookman purchased 55 copies of a new book released recently , 10 of which are hardback and sold for $ 20 each , and rest are paperback and sold for $ 10 each . if 14 copies were sold and the total value of the remaining books was 460 , how many paperback copies were sold ?","""the bookman had 10 hardback ad 55 - 10 = 45 paperback copies ; 14 copies were sold , hence 55 - 14 = 41 copies were left . let # of paperback copies left be p then 10 p + 20 ( 41 - p ) = 460 - - > 10 p = 360 - - > p = 36 # of paperback copies sold is 45 - 36 = 9 answer : e"""
diana is painting statues . she has 1 / 2 of a gallon of paint remaining . each statue requires 1 / 16 gallon of paint . how many statues can she paint ?,"""number of statues = all the paint ÷ amount used per statue = 1 / 2 ÷ 1 / 16 = 8 / 16 * 16 / 1 = 8 / 1 = 8 answer is a ."""
"if the price of gasoline increases by 25 % and a driver intends to spend only 20 % more on gasoline , by how much percent should the driver reduce the quantity of gasoline that he buys ?","""let x be the amount of gasoline the driver buys originally . let y be the new amount of gasoline the driver should buy . let p be the original price per liter . ( 1.25 * p ) y = 1.2 ( p * x ) y = ( 1.2 / 1.25 ) x = 0.96 x which is a reduction of 4 % . the answer is c ."""
"an art gallery has only paintings and sculptures . currently , 1 / 3 of the pieces of art are displayed , and 1 / 6 of the pieces on display are sculptures . if 1 / 3 of the pieces not on display are paintings , and 1000 sculptures are not on display , how many pieces of art does the gallery have ?","too many words and redundant info there . ( i ) 1 / 3 of the pieces of art are displayed , hence 2 / 3 of the pieces of art are not displayed . ( ii ) 1 / 6 of the pieces on display are sculptures , hence 5 / 6 of the pieces on display are paintings . ( iii ) 1 / 3 of the pieces not on display are paintings , hence 2 / 3 of the pieces not on display are sculptures . 1000 sculptures are not on display , so according to ( iii ) 2 / 3 * { not on display } = 1000 - - > { not on display } = 1500 . according to ( i ) 2 / 3 * { total } = 1500 - - > { total } = 2250 . answer : b ."
"john and ingrid pay 30 % and 40 % tax annually , respectively . if john makes $ 60000 and ingrid makes $ 72000 , what is their combined tax rate ?","""( 1 ) when 30 and 40 has equal weight or weight = 1 / 2 , the answer would be 35 . ( 2 ) when 40 has larger weight than 30 , the answer would be in between 35 and 40 . unfortunately , we have 2 answer choices d and e that fit that condition so we need to narrow down our range . ( 3 ) get 72000 / 132000 = 6 / 11 . 6 / 11 is a little above 6 / 12 = 1 / 2 . thus , our answer is just a little above 35 . answer : d"""
the lenght of a room is 5.5 m and width is 4 m . find the cost of paving the floor by slabs at the rate of rs . 900 per sq . metre .,"""area of the floor = ( 5.5 ã — 4 ) m 2 = 22 m 2 . cost of paving = rs . ( 900 ã — 22 ) = rs . 19800 answer : option a"""
"a factory that employs 1000 assembly line workers pays each of these workers $ 5 per hour for the first 40 hours worked during a week and 1 ½ times that rate for hours worked in excess of 40 . what was the total payroll for the assembly - line workers for a week in which 30 percent of them worked 15 hours , 50 percent worked 40 hours , and the rest worked 50 hours ?","""30 % of 1000 = 300 worked for 15 hours payment @ 5 / hr total payment = 300 * 15 * 5 = 22500 50 % of 1000 = 500 worked for 40 hours payment @ 5 / hr total payment = 500 * 40 * 5 = 100000 remaining 200 worked for 50 hours payment for first 40 hours @ 5 / hr payment = 200 * 40 * 5 = 40000 payment for next 10 hr @ 7.5 / hr payment = 200 * 10 * 7.5 = 15000 total payment = 22500 + 100000 + 40000 + 15000 = 1775000 hence , answer is d"""
a corporation double its annual bonus to 100 of its employees . what percent of the employees ’ new bonus is the increase ?,let the annual bonus be x . a corporation double its annual bonus . so new bonus = 2 x . increase = 2 x - x = x the increase is what percent of the employees ’ new bonus = ( x / 2 x ) * 100 = 50 % hence a .
a and b together do a work in 20 days . b and c together in 15 days and c and a in 12 days . then b alone can finish same work in how many days ?,"""( a + b ) work in 1 day = 1 / 20 , ( b + c ) work in 1 days = 1 / 15 . , ( c + a ) work in 1 days = 1 / 12 ( 1 ) adding = 2 [ a + b + c ] in 1 day work = [ 1 / 20 + 1 / 15 + 1 / 12 ] = 1 / 5 ( a + b + c ) work in 1 day = 1 / 10 b work in 1 days = [ a + b + c ] work in 1 days - work of ( a + c ) in 1 days = [ 1 / 10 - 1 / 12 ] = 1 / 60 b alone finish work in 60 days answer b"""
"two trains of equal length , running with the speeds of 60 and 16 kmph , take 50 seconds to cross each other while they are running in the same direction . what time will they take to cross each other if they are running in opposite directions ?","""rs = 60 - 40 = 20 * 5 / 18 = 100 / 18 t = 50 d = 50 * 100 / 18 = 2500 / 9 rs = 60 + 16 = 76 * 5 / 18 t = 2500 / 9 * 18 / 380 = 13.15 sec . answer : d"""
calculate the ratio between x and y if 30 % of x equal to 50 % of y ?,"""explanation : 30 x = 50 y x : y = 30 : 50 = 3 : 5 answer : b"""
"three walls have wallpaper covering a combined area of 300 square meters . by overlapping the wallpaper to cover a wall with an area of 180 square meters , the area that is covered by exactly two layers of wallpaper is 34 square meters . what is the area that is covered with three layers of wallpaper ?","""300 - 180 = 120 sq m of the wallpaper overlaps ( in either two layers or three layers ) if 36 sq m has two layers , 120 - 34 = 86 sq m of the wallpaper overlaps in three layers . 86 sq m makes two extra layers hence the area over which it makes two extra layers is 43 sq m . answer ( a ) ."""
"a meeting has to be conducted with 6 managers . find the number of ways in which the managers may be selected from among 9 managers , if there are 2 managers who refuse to attend the meeting together .","""the total number of ways to choose 6 managers is 9 c 6 = 84 we need to subtract the number of groups which include the two managers , which is 7 c 4 = 35 . 84 - 35 = 49 the answer is e ."""
a trader bought a car at 20 % discount on its original price . he sold it at a 40 % increase on the price he bought it . what percent of profit did he make on the original price ?,"""original price = 100 cp = 80 s = 80 * ( 140 / 100 ) = 112 100 - 112 = 12 % answer : c"""
what is the unit digit in the product ( 3 ^ 65 x 6 ^ 59 x 7 ^ 71 ) ?,explanation : unit digit in 3 ^ 4 = 1 unit digit in ( 3 ^ 4 ) 16 = 1 unit digit in 3 ^ 65 = unit digit in [ ( 3 ^ 4 ) 16 x 3 ] = ( 1 x 3 ) = 3 unit digit in 6 ^ 59 = 6 unit digit in 7 ^ 4 unit digit in ( 7 ^ 4 ) 17 is 1 . unit digit in 7 ^ 71 = unit digit in [ ( 7 ^ 4 ) 17 x 73 ] = ( 1 x 3 ) = 3 required digit = unit digit in ( 3 x 6 x 3 ) = 4 e
"a start walking from a place at a uniform speed of 6 kmph in a particular direction . after half an hour , b starts from the same place and walks in the same direction as a at a uniform speed and overtakes a after 1 hour 48 minutes . find the speed of b .","""distance covered by a in 30 min = 1 km b covers extra 1 km in 1 hour 48 minutes ( 9 / 5 hr ) i . e . relative speed of b over a = 1 / ( 9 / 5 ) = 5 / 9 so the speed of b = speed of a + 5 / 9 = 6 + 5 / 9 = 6.55 answer b"""
"oak street begins at pine street and runs directly east for 2 kilometers until it ends when it meets maple street . oak street is intersected every 400 meters by a perpendicular street , and each of those streets other than pine street and maple street is given a number beginning at 1 st street ( one block east of pine street ) and continuing consecutively ( 2 nd street , 3 rd street , etc . . . ) until the highest - numbered street one block west of maple street . what is the highest - numbered street that intersects oak street ?","2 km / 400 m = 5 . however , the street at the 2 - km mark is not 5 th street ; it is maple street . therefore , the highest numbered street is 4 th street . the answer is a ."
"50 percent of the members of a study group are women , and 30 percent of those women are lawyers . if one member of the study group is to be selected at random , what is the probability that the member selected is a woman lawyer ?","""say there are 100 people in that group , then there would be 0.5 * 0.30 * 100 = 15 women lawyers , which means that the probability that the member selected is a woman lawyer is favorable / total = 15 / 100 . answer : e"""
"the cross - section of a cannel is a trapezium in shape . if the cannel is 14 m wide at the top and 8 m wide at the bottom and the area of cross - section is 550 sq m , the depth of cannel is ?","""1 / 2 * d ( 14 + 8 ) = 550 d = 50 answer : c"""
kim finds a 4 - meter tree branch and marks it off in thirds and fifths . she then breaks the branch along all the markings and removes one piece of every distinct length . what fraction of the original branch remains ?,"""3 pieces of 1 / 5 length and two piece each of 1 / 15 and 2 / 15 lengths . removing one piece each from pieces of each kind of lengths the all that will remain will be 2 pieces of 1 / 5 i . e 2 / 5 , 1 piece of 1 / 15 , and 1 piece of 2 / 15 which gives us 2 / 5 + 1 / 15 + 2 / 15 - - - - - > 3 / 5 answer is c"""
"$ 350 is divided among a , b , and c so that a receives half as much as b , and b receives half as much as c . how much money is c ' s share ?","""let the shares for a , b , and c be x , 2 x , and 4 x respectively . 7 x = 350 x = 50 4 x = 200 the answer is c ."""
"in an it company , there are a total of 90 employees including 50 programmers . the number of male employees is 80 , including 35 male programmers . how many employees must be selected to guaranty that we have 3 programmers of the same sex ?","""you could pick 40 non - programmers , 2 male programmers , and 2 female programmers , and still not have 3 programmers of the same sex . but if you pick one more person , you must either pick a male or a female programmer , so the answer is 45 . b"""
"the cost of one photocopy is $ 0.02 . however , a 25 % discount is offered on orders of more than 100 photocopies . if arthur and david have to make 80 copies each , how much will each of them save if they submit a single order of 160 copies ?","""if arthur and david submit separate orders , each would be smaller than 100 photocopies , so no discount . each would pay ( 80 ) * ( $ 0.02 ) = $ 1.60 , or together , a cost of $ 3.20 - - - that ' s the combined no discount cost . if they submit things together as one big order , they get a discount off of that $ 3.20 price - - - - 25 % or 1 / 4 of that is $ 0.80 , the discount on the combined sale . they each effective save half that amount , or $ 0.40 . answer = ( b ) ."""
( 3 x + 1 ) ( 2 x - 5 ) = ax ^ 2 + kx + n . what is the value of a - n + k ?,"""expanding we have 6 x ^ 2 - 15 x + 2 x - 5 6 x ^ 2 - 13 x - 5 taking coefficients , a = 6 , k = - 13 , n = - 5 therefore a - n + k = 6 - ( - 13 ) - 5 = 19 - 5 = 14 the answer is d ."""
"if 6 men and 8 women can do a piece of work in 10 days while 26 men and 48 women can do the same in 2 days , the time taken by 15 men and 20 women in doing the same type of work will be ?","let 1 man ' s 1 day ' s work = x and 1 women ' s 1 day ' s work = y . then , 6 x + 8 y = 1 and 26 x + 48 y = 1 . 10 2 solving these two equations , we get : x = 1 and y = 1 . 100 200 ( 15 men + 20 women ) ' s 1 day ' s work = 15 + 20 = 1 . 100 200 4 15 men and 20 women can do the work in 4 days . hence answer will be b"
the maximum number of students among them 1345 pens and 775 pencils can be distributed in such a way that each student gets the same number of pens and same number of pencils is :,"""explanation : required number of students = h . c . f of 1345 and 775 = 5 . answer : d"""
"a sum of rs . 1360 has been divided among a , b and c such that a gets 2 / 3 of what b gets and b gets 1 / 4 of what c gets . b ' s share is :","""let c ' s share = rs . x then , b ' s share = rs . x / 4 ; a ' s share = rs . 2 / 3 * x / 4 = rs . x / 6 therefore x / 6 + x / 4 + x = 1360 17 x / 12 = 1360 x = 1360 * 12 / 17 = rs . 960 hence , b ' s share = rs . 960 / 4 = rs . 240 answer : c"""
"how many cuboids of length 5 m , width 3 m and height 2 m can be farmed from a cuboid of 18 m length , 15 m width and 2 m height .","""( 18 × 15 × 12 ) / ( 5 × 3 × 2 ) = 108 answer is c ."""
two - third of a positive number and 16 / 216 of its reciprocal are equal . find the positive number .,"""explanation : let the positive number be x . then , 2 / 3 x = 16 / 216 * 1 / x x 2 = 16 / 216 * 3 / 2 = 16 / 144 x = √ 16 / 144 = 4 / 12 . answer : a"""
"find large number from below question the difference of two numbers is 1365 . on dividing the larger number by the smaller , we get 6 as quotient and the 15 as remainder","""let the smaller number be x . then larger number = ( x + 1365 ) . x + 1365 = 6 x + 15 5 x = 1350 x = 270 large number = 270 + 1365 = 1635 d"""
the average of first three prime numbers greater than 5 is ?,"""7 + 11 + 13 = 31 / 3 = 10.3 answer : d"""
"in a recent election , james received 0.5 percent of the 2,000 votes cast . to win the election , a candidate needed to receive more than 50 percent of the vote . how many additional votes would james have needed to win the election ?",james = ( 0.5 / 100 ) * 2000 = 10 votes to win = ( 50 / 100 ) * total votes + 1 = ( 50 / 100 ) * 2000 + 1 = 1001 remaining voted needed to win election = 1001 - 10 = 991 answer : option d
"if 12 : 8 : : x : 16 , then find the value of x","explanation : treat 12 : 8 as 12 / 8 and x : 16 as x / 16 , treat : : as = so we get 12 / 8 = x / 16 = > 8 x = 192 = > x = 24 option b"
what least number must be subtracted from 3832 so that the remaining number is divisible by 5 ?,"""on dividing 3832 by 5 , we get remainder = 2 . required number be subtracted = 2 answer : b"""
find the length of the wire required to go 14 times round a square field containing 5625 m 2 .,"""a 2 = 5625 = > a = 75 4 a = 300 300 * 14 = 4200 answer : c"""
"how many bricks , each measuring 25 cm x 11.25 cm x 6 cm , will be needed to build a wall of 1 m x 2 m x 20 cm ?","""number of bricks = volume of the wall / volume of 1 brick = ( 100 x 200 x 20 ) / ( 25 x 11.25 x 6 ) = 237 . answer : option c"""
"spanish language broadcast records last 90 min on each of two sides . if it takes 3 hours to translate one hour of broadcast , how long will it take to translate 16 full records ?","records last 90 min on each of 2 sides , = = > record last 90 * 2 = 180 min = 3 hours 16 full records - - > 16 * 3 = 48 hour broadcast given , 3 hours to translate 1 hour of broadcast let x be the time required to translate 48 hour broadcast ( 16 full records ) x = 48 * 3 = 144 hours answer : a"
a began business with rs . 45000 and was joined afterwards by b with rs . 5400 . when did b join if the profits at the end of the year were divided in the ratio of 2 : 1 ?,"""45 * 12 : 54 * x = 2 : 1 x = 5 12 - 5 = 7 . answer : a"""
"a can do a piece of work in 4 hours ; b and c together can do it in 3 hours , which a and c together can do it in 2 hours . how long will b alone take to do it ?","""a ' s 1 hour work = 1 / 4 ; ( b + c ) ' s 1 hour work = 1 / 3 ; ( a + c ) ' s 1 hour work = 1 / 2 ( a + b + c ) ' s 1 hour work = ( 1 / 4 + 1 / 3 ) = 7 / 12 b ' s 1 hour work = ( 7 / 12 + 1 / 2 ) = 1 / 12 b alone will take 12 hours to do the work . answer : c"""
how many seconds will a 650 meter long train moving with a speed of 63 km / hr take to cross a man walking with a speed of 3 km / hr in the direction of the train ?,"""explanation : here distance d = 650 mts speed s = 63 - 3 = 60 kmph = 60 x 5 / 18 m / s time t = = 39 sec . answer : d"""
today is thursday . i came home from a trip 3 days before the day after last monday . how many days have i been home ?,"d 6 days the day after last monday was tuesday . if i came home 3 days before that , i came home on saturday , sunday , monday , tuesday , wednesday , and thursday = 6 days ."
"an article is bought for rs . 675 and sold for rs . 1100 , find the gain percent ?","""675 - - - - 425 100 - - - - ? = > = 63 % answer : c"""
"in one hour , a boat goes 19 km along the stream and 5 km against the stream . the speed of the boat in still water ( in km / hr ) is :","""sol . speed in still water = 1 / 2 ( 19 + 5 ) kmph = 12 kmph . answer d"""
"a salesperson received a commission of 3 percent of the sale price for each of the first 100 machines that she sold and 4 percent of the sale price for each machine that she sold after the first 100 . if the sale price of each machine was $ 10,000 and the salesperson received a $ 45,000 commission , how many machines did she sell ?","""first 100 machines = 3 % commission = 0.03 * 100 * 10000 = 30000 commission from sale of next machines = 46000 - 30000 = 16000 so 40 more machines . . total = 140 machines imo a . ."""
solve the equation for x : 6 x - 27 + 3 x = 4 + 9 - x,"""d 4 9 x + x = 13 + 27 10 x = 40 = > x = 4"""
a profit of rs . 900 is divided between x and y in the ratio of 1 / 2 : 1 / 3 . what is the difference between their profit shares ?,a profit of rs . 900 is divided between x and y in the ratio of 1 / 2 : 1 / 3 or 3 : 2 . so profits are 540 and 360 . difference in profit share = 540 - 360 = 180 answer : b
"a is two years older than b who is twice as old as c . if the total of the ages of a , b and c be 27 , the how old is b ?","""explanation : let c ' s age be x years . then , b ' s age = 2 x years . a ' s age = ( 2 x + 2 ) years . ( 2 x + 2 ) + 2 x + x = 27 ⇒ 5 x = 25 ⇒ x = 5 . hence , b ' s age = 2 x = 10 years . answer : e"""
"calculate the share of y , if rs . 2880 is divided among x , y and z in the ratio 3 : 5 : 8 ?",3 + 5 + 8 = 16 2880 / 16 = 180 so y ' s share = 3 * 180 = 540 answer : a
"3 years ago , paula was 3 times as old as karl . in 9 years , paula will be twice as old as karl . what is the sum of their ages now ?","""p - 3 = 3 ( k - 3 ) and so p = 3 k - 6 p + 9 = 2 ( k + 9 ) ( 3 k - 6 ) + 9 = 2 k + 18 k = 15 p = 39 p + k = 54 the answer is d ."""
a train running at the speed of 50 km / hr crosses a post in 4 seconds . what is the length of the train ?,"""speed = ( 54 x 5 / 18 ) = 15 m / sec . length of the train = ( speed x time ) . length of the train = 15 x 4 m = 60 m . answer : c"""
"if soundharya rows 49 km upstream and 77 km down steam taking 7 hours each , then the speed of the stream",speed upstream = 49 / 7 = 7 kmph speed down stream = 77 / 7 = 11 kmph speed of stream = ½ ( 11 - 7 ) = 2 kmph answer : c
the digital sum of a number is the sum of its digits . for how many of the positive integers 24 - 140 inclusive is the digital sum a multiple of 7 ?,is there other way than just listing ? 25 34 43 52 59 61 68 70 77 86 95 106 115 124 133 15 ways . . d
the ratio of 2 numbers is 2 : 5 and their h . c . f . is 6 . their l . c . m . is ?,"""let the numbers be 2 x and 5 x their h . c . f . = 6 so the numbers are 2 * 6 , 5 * 6 = 12,30 l . c . m . = 60 answer is e"""
"20 beavers , working together in a constant pace , can build a dam in 6 hours . how many hours will it take 12 beavers that work at the same pace , to build the same dam ?","""total work = 20 * 6 = 120 beaver hours 12 beaver * x = 120 beaver hours x = 120 / 12 = 10 answer : a"""
"if a student loses 6 kilograms , he will weigh twice as much as his sister . together they now weigh 126 kilograms . what is the student ' s present weight in kilograms ?","""let x be the weight of the sister . then the student ' s weight is 2 x + 6 . x + ( 2 x + 6 ) = 126 3 x = 120 x = 40 kg then the student ' s weight is 86 kg . the answer is c ."""
a person buys an article at rs . 575 . at what price should he sell the article so as to make a profit of 15 % ?,"""cost price = rs . 575 profit = 15 % of 575 = rs . 86.25 selling price = cost price + profit = 575 + 86.25 = 661.25 answer : d"""
"two consultants can type up a report in 12.5 hours and edit it in 7.5 hours . if mary needs 30 hours to type the report and jim needs 12 hours to edit it alone , how many t hours will it take if jim types the report and mary edits it immediately after he is done ?","""break down the problem into two pieces : typing and editing . mary needs 30 hours to type the report - - > mary ' s typing rate = 1 / 30 ( rate reciprocal of time ) ( point 1 in theory below ) ; mary and jim can type up a report in 12.5 and - - > 1 / 30 + 1 / x = 1 / 12.5 = 2 / 25 ( where x is the time needed for jim to type the report alone ) ( point 23 in theory below ) - - > x = 150 / 7 ; jim needs 12 hours to edit the report - - > jim ' s editing rate = 1 / 12 ; mary and jim can edit a report in 7.5 and - - > 1 / y + 1 / 12 = 1 / 7.5 = 2 / 15 ( where y is the time needed for mary to edit the report alone ) - - > y = 20 ; how many t hours will it take if jim types the report and mary edits it immediately after he is done - - > x + y = 150 / 7 + 20 = ~ 41.4 answer : a ."""
"an amount of rs . 1638 was divided among a , b and c , in the ratio 1 / 2 : 1 / 3 : 1 / 4 . find the share of a ?","let the shares of a , b and c be a , b and c respectively . a : b : c = 1 / 2 : 1 / 3 : 1 / 4 let us express each term with a common denominator which is the last number divisible by the denominators of each term i . e . , 12 . a : b : c = 6 / 12 : 4 / 12 : 3 / 12 = 6 : 4 : 3 . share of a = 6 / 13 * 1638 = rs . 756 answer : c"
what least value should be replaced by * in 2551112 * so the number become divisible by 6,"""explanation : trick : number is divisible by 6 , if sum of all digits is divisible by 3 and 2 , so ( 2 + 5 + 5 + 1 + 1 + 1 + 2 + * ) = 17 + * should be divisible by , 17 + 1 will be divisible by 3 , but we ca n ' t take this number because 1 is not dividable by 2 ( 2 only dividable by those numbers who contain even number at last position ) so that least number is 4 . answer : option b"""
what number is obtained by adding the units digits of 734 ^ 100 and 347 ^ 83 ?,"""the units digit of 734 ^ 100 is 6 because 4 raised to the power of an even integer ends in 6 . the units digit of 347 ^ 83 is 3 because powers of 7 end in 7 , 9 , 3 , or 1 cyclically . since 83 is in the form 4 n + 3 , the units digit is 3 . then 6 + 3 = 9 . the answer is c ."""
"in two triangles , the ratio of the areas is 4 : 3 and the ratio of their heights is 3 : 4 . find the ratio of their bases .","sol . let the bases of the two triangles be x and y and their heights be 3 h and 4 h respectively . then , ( ( 1 / 2 ) x xx 3 h ) / ( 1 / 2 ) x y x 4 h ) = 4 / 3  x / y = ( 4 / 3 x 4 / 3 ) = 16 / 9 required ratio = 16 : 9 . ans : c"
a trader sells 40 metres of cloth for rs . 8200 at a profit of rs . 15 per metre of cloth . how much profit will the trder earn on 40 metres of cloth ?,"""explanation : sp of 1 metre cloth = 8200 / 40 = rs . 205 . cp of 1 metre cloth = rs . 205 – 15 = rs . 190 cp on 40 metres = 190 x 40 = rs . 7600 profit earned on 40 metres cloth = rs . 8200 – rs . 7600 = rs . 600 . answer : option c"""
what is the probability of drawing a queen from a deck of 52 cards ?,"""total number of cards , n ( s ) = 52 total number of queen cards , n ( e ) = 4 p ( e ) = n ( e ) / n ( s ) = 4 / 52 = 1 / 13 option b is answer"""
a thief goes away with a santro car at a speed of 50 kmph . the theft has been discovered after half an hour and the owner sets off in a bike at 60 kmph when will the owner over take the thief from the start ?,"""explanation : | - - - - - - - - - - - 20 - - - - - - - - - - - - - - - - - - - - | 60 50 d = 20 rs = 60 – 50 = 10 t = 20 / 10 = 2 hours answer : option a"""
the average weight of 18 boys in a class is 50.25 kg and that of the remaining 8 boys is 45.15 kg . find the average weights of all the boys in the class .,"""explanation : average weight of 18 boys = 50.25 total weight of 18 boys = 50.25 × 18 average weight of remaining 8 boys = 45.15 total weight of remaining 8 boys = 45.15 × 8 total weight of all boys in the class = ( 50.25 × 18 ) + ( 45.15 × 8 ) total boys = 18 + 8 = 26 average weight of all the boys = ( 50.25 × 18 ) + ( 45.15 × 8 ) / 26 = 48.68077 answer : option a"""
"how many words , with or without meaning , can be formed using all letters of the word good using each letter exactly once ?","""the word good has exactly 4 letters which are all different . therefore the number of words that can be formed = number of permutations of 4 letters taken all at a time . = p ( 4 , 4 ) = 4 ! = 4 x 3 x 2 × 1 = 24 answer : e"""
"in right triangle abc , ac is the hypotenuse . if ac is 40 and ab + bc = 60 , what is the area of the triangle abc ?","""square ab + bc = 60 : ( ab ) ^ 2 + 2 * ab * bc + ( bc ) ^ 2 = 3600 . since ( ac ) ^ 2 = ( ab ) ^ 2 + ( bc ) ^ 2 = 40 ^ 2 = 1600 , then ( ab ) ^ 2 + 2 * ab * bc + ( bc ) ^ 2 = 1600 + 2 * ab * bc = 3600 . 1600 + 2 * ab * bc = 3600 . ab * bc = 1000 . the area = 1 / 2 * ab * bc = 500 . answer : d ."""
the ratio of the area of a square to that of the square drawn on its diagonal is,answer : a ) 1 : 2
a 4 digit number divisible by 7 becomes divisible by 3 when 19 is added to it . the largest such number is :,"out of all the 5 options , only 4487 is not divisible by 3 . all others are divisible so answer = d ( no further calculation required ) addition of any two non - divisible numbers by 3 gives the resultant divisible by 3 19 is non - divisible by 3 ; we are adding a number to that so that the resultant becomes divisible by 3 applying the above rule , it means that the number which we are going to add should be non - divisible by 3 so comes the answer = 4487 answer : d"
what is the probability for a family with 3 children to have a girl and two boys ( assuming the probability of having a boy or a girl is equal ) ?,one possible case is : girl - boy - boy the probability of this is 1 / 2 * 1 / 2 * 1 / 2 = 1 / 8 there are 3 c 2 = 3 such cases so we should multiply by 3 . p ( one girl and two boys ) = 3 / 8 the answer is d .
"a manufacturer produces a certain men ' s athletic shoe in integer sizes from 8 to 17 . for this particular shoe , each unit increase in size corresponds to a 1 / 5 - inch increase in the length of the shoe . if the largest size of this shoe is 30 % longer than the smallest size , how long , in inches , is the shoe in size 15 ?","""let x be the length of the size 8 shoe . then 0.3 x = 9 / 5 x = 90 / 15 = 6 inches the size 15 shoe has a length of 6 + 7 / 5 = 7.4 inches the answer is b ."""
if x + | x | + y = 7 and x + | y | - y = 5 what is x + y = ?,"""if x < 0 and y < 0 , then we ' ll have x - x + y = 7 and x - y - y = 6 . from the first equation y = 7 , so we can discard this case since y is not less than 0 . if x > = 0 and y < 0 , then we ' ll have x + x + y = 7 and x - y - y = 6 . solving gives x = 4 > 0 and y = - 1 < 0 - - > x + y = 3 . since in ps questions only one answer choice can be correct , then the answer is c ( so , we can stop here and not even consider other two cases ) . answer : c . adding both eqn we get 2 x + ixi + iyi = 13 now considering x < 0 and y > 0 2 x - x + y = 13 we get x + y = 5 hence answer should be d"""
a 240 m long train running at the speed of 120 km / hr crosses another train running in opposite direction at the speed of 80 km / hr in 9 sec . what is the length of the other train ?,"""relative speed = 120 + 80 = 200 km / hr . = 200 * 5 / 18 = 500 / 9 m / sec . let the length of the other train be x m . then , ( x + 240 ) / 9 = 500 / 9 = > x = 260 . answer : option a"""
"34 . the side surface of a cylinder is rolled with a rectangular plate . if the perimeter of the circular base is 9 feet , and the diagonal of the rectangular plate was 15 ft . what is height of the of the cylinder ?","think of a pringles can . if you took off the bottom and top and cut a slit down the length , it would flatten to a rectangle . the dimensions of the rectangle are the height of the can and the circumference of the circle . since you know both , one side and thehypothenuse use pythagoreans theorem or properties of 3 - 4 - 5 triangles to solve for the other side , 12 . correct answer a"
what quantity of water should be added to reduce 9 liters of 50 % acidic liquid to 30 % acidic liquid ?,acid in 9 liters = 50 % of 9 = 4.5 liters suppose x liters of water be added . then 4.5 liters of acid in 9 + x liters of diluted solution 30 % of 9 + x = 4.5 27 + 3 x = 45 x = 6 liters answer is a
"a man gains 20 % by selling an article for a certain price . if the sells it at double the price , the percentage of profit will be :","""let c . p . = rs . x . then , s . p . = rs . ( 12 % of x ) = rs . 6 x / 5 new s . p . = 2 * 6 x / 5 = rs . 12 x / 5 profit = 12 x / 5 - x = rs . 7 x / 5 profit = 7 x / 5 * 1 / x * 100 = 140 % . \ answer : d"""
"the average weight of 20 persons sitting in a boat had some value . a new person added to them whose weight was 46 kg only . due to his arrival , the average weight of all the persons decreased by 5 kg . find the average weight of first 20 persons ?","""20 x + 46 = 21 ( x – 5 ) x = 59 answer : e"""
"a and b can together finish a work in 40 days . they worked together for 10 days and then b left . after another 18 days , a finished the remaining work . in how many days a alone can finish the job ?",a + b 10 days work = 10 * 1 / 40 = 1 / 4 remaining work = 1 - 1 / 4 = 3 / 4 3 / 4 work is done by a in 18 days whole work will be done by a in 18 * 4 / 3 = 24 days answer is b
"a student gets 55 % in one subject , 65 % in the other . to get an overall of 55 % how much should get in third subject .","""let the 3 rd subject % = x 55 + 65 + x = 3 * 55 120 + x = 165 x = 165 - 120 = 45 answer : c"""
"in an election between two candidates , the winner has a margin of 10 % of the votes polled . if 4000 people change their mind and vote for the loser , the loser would have won by a margin of 10 % of the votes polled . find the total number of votes polled in the election ?","""winner - looser 55 % - 45 % if 4000 people change their mind and vote for the loser : winner - looser 45 % - 55 % thus 4,000 people compose 25 % of all voters , which means that the total number of votes is 40,000 answer : c"""
"there are 28 stations between ernakulam and chennai . how many second class tickets have to be printed , so that a passenger can travel from one station to any other station ?","""the total number of stations = 30 from 30 stations we have to choose any two stations and the direction of travel ( ernakulam to chennai is different from chennai to ernakulam ) in 30 p 2 ways . 30 p 2 = 30 * 29 = 870 answer : d"""
what percent is 7 gm of 1 kg ?,"""1 kg = 1000 gm 7 / 1000 × 100 = 700 / 1000 = 7 / 10 = 0.7 % a )"""
the wages earned by robin is 40 % more than that earned by erica . the wages earned by charles is 60 % more than that earned by erica . how much percent is the wages earned by charles more than that earned by robin ?,"""let wage of erica = 10 wage of robin = 1.4 * 10 = 14 wage of charles = 1.6 * 10 = 16 percentage by which wage earned by charles is more than that earned by robin = ( 16 - 14 ) / 14 * 100 % = 2 / 14 * 100 % = 14 % answer a"""
"25 is subtracted from 75.00001 % of a number , the result is 50 . find the number ?","""( 75 / 100 ) * x â € “ 25 = 50 7.5 x = 750 x = 100 answer : e"""
"an association of mathematics teachers has 1,500 members . only 525 of these members cast votes in the election for president of the association . what percent of the total membership voted for the winning candidate if the winning candidate received 60 percent of the votes cast ?","""total umber of members = 1500 number of members that cast votes = 525 since , winning candidate received 60 percent of the votes cast number of votes for winning candidate = ( 60 / 100 ) * 525 = 315 percent of total membership that voted for winning candidate = ( 315 / 1500 ) * 100 = 21 % answer e"""
half a number plus 7 is 11 . what is the number ?,"""let x be the number . always replace ` ` is ' ' with an equal sign ( 1 / 2 ) x + 7 = 11 ( 1 / 2 ) x = 11 - 7 ( 1 / 2 ) x = 4 x = 8 correct answer is a"""
"if 5 % more is gained by selling an article for rs . 1000 than by selling it for rs . 20 , the cost of the article is ?","""let c . p . be rs . x . then , 5 % of x = 1000 - 20 = 80 x / 20 = 80 = > x = 1600 answer : b"""
"of the total amount that jill spent on a shopping trip , excluding taxes , she spent 25 percent on clothing , 25 percent on food , and 50 percent on other items . if jill paid a 10 percent tax on the clothing , no tax on the food , and an 2 percent tax on all other items , then the total tax that she paid was what percent of the total amount that she spent , excluding taxes ?","""assume she has $ 200 to spend . tax clothing = 25 % = $ 50 = $ 5 food = 25 % = $ 50 = $ 0.00 items = 50 % = $ 100 = $ 2.00 total tax = $ 20.00 % of total amount = 7 / 200 * 100 = 3.5 % answer d"""
"in a certain pond , 55 fish were caught , tagged , and returned to the pond . a few days later , 55 fish were caught again , of which 2 were found to have been tagged . if the percent of tagged fish in the second catch approximates the percent of tagged fish in the pond , what ` s the approximate number of fish in the pond ?","""the percent of tagged fish in the second catch is 2 / 55 * 100 = 3.64 % . we are told that 3.64 % approximates the percent of tagged fish in the pond . since there are 55 tagged fish , then we have 0.036 x = 55 - - > x = 1,528 . answer : d ."""
how many 1 / 6 s are there in 37 1 / 2 ?,required number = ( 75 / 2 ) / ( 1 / 6 ) = ( 75 / 2 x 6 / 1 ) = 225 . answer : a
"what is the smallest positive perfect square that is divisible by 4 , 9 , and 18 ?","""the number needs to be divisible by 2 ^ 2 , 3 ^ 2 , and 2 * 3 ^ 2 . the smallest such perfect square is 2 ^ 2 * 3 ^ 2 = 36 the answer is a ."""
the ratio between the present ages of a and b is 7 : 3 respectively . the ratio between a ' s age 4 years ago and b ' s age 4 years hence is 1 : 1 . what is the ratio between a ' s age 4 years hence and b ' s age 4 years ago ?,"""let the present ages of a and b be 7 x and 3 x years respectively . then , ( 7 x - 4 ) / ( 3 x + 4 ) = 1 / 1 4 x = 8 = > x = 2 required ratio = ( 5 x + 4 ) : ( 3 x - 4 ) = 18 : 2 = 9 : 1 . answer : c"""
two vessels contains equal number of mixtures milk and water in the ratio 3 : 2 and 4 : 1 . both the mixtures are now mixed thoroughly . find the ratio of milk to water in the new mixture so obtained ?,"""the ratio of milk and water in the new vessel is = ( 3 / 5 + 4 / 5 ) : ( 2 / 5 + 1 / 5 ) = 7 / 5 : 3 / 5 = 7 : 3 answer is d"""
"from a pack of 52 cards , 1 card is drawn at random . what is the probability that a red king is drawn ?","""the total number of cards is 52 . the number of red kings is 2 . p ( red king ) = 2 / 52 = 1 / 26 the answer is d ."""
"if sharon ' s weekly salary increased by 15 percent , she would earn $ 460 per week . if instead , her weekly salary were to increase by 10 percent , how much would she earn per week ?",soln : - 460 / 115 ) 110 = 385 in this case long division does not take much time . ( 4 / 1 ) 110 = rs . 440 answer : b
a fruit seller had some oranges . he sells 10 % oranges and still has 360 oranges . how many oranges he had originally ?,"""explanation : he sells 10 % of oranges and still there are 360 oranges remaining = > 90 % of oranges = 360 ⇒ ( 90 × total oranges ) / 100 = 360 ⇒ total oranges / 100 = 4 ⇒ total oranges = 4 × 100 = 400 answer : option d"""
"because he ’ s taxed by his home planet , mork pays a tax rate of 40 % on his income , while mindy pays a rate of only 20 % on hers . if mindy earned 4 times as much as mork did , what was their combined tax rate ?","""say morks income is - 100 so tax paid will be 40 say mindys income is 4 * 100 = 400 so tax paid is 20 % * 400 = 80 total tax paid = 40 + 80 = 120 . combined tax % will be 120 / 100 + 400 = 24 %"""
"it is the new year and mandy has made a resolution to lose weight this year . she plans to exercise and do yoga . for exercise she plans to workout at the gym and ride her bicycle in the ratio of 2 : 3 everyday . she will also do yoga in the ratio , yoga : exercise = 2 : 3 . if she rides her bike for 10 minutes , how much time will she spend doing yoga ? ( rounded to minutes )","""the ratio is 2 : 3 = gym : ride , so ( 10 ) ( 3 / 2 ) = 15 minutes at the gym , and 15 + 10 = 25 minutes exercise , so ( 2 / 3 ) ( 25 ) = 17 minutes yoga . answer : c"""
"the length of the bridge , which a train 180 metres long and travelling at 45 km / hr can cross in 30 seconds , is ?","""speed = [ 45 x 5 / 18 ] m / sec = [ 25 / 2 ] m / sec time = 30 sec let the length of bridge be x metres . then , ( 180 + x ) / 30 = 25 / 2 = > 2 ( 180 + x ) = 750 = > x = 195 m . answer : c"""
the difference of 2 digit number & the number obtained by interchanging the digits is 36 . what is the difference the sum and the number if the ratio between the digits of the number is 1 : 2 ?,"let the number be xy . given xy – yx = 36 . this means the number is greater is than the number got on reversing the digits . this shows that the ten ’ s digit x > unit digit y . also given ratio between digits is 1 : 2 = > x = 2 y ( 10 x + y ) – ( 10 y + x ) = 36 = > x – y = 4 = > 2 y – y = 4 . hence , ( x + y ) – ( x – y ) = 3 y – y = 2 y = 8 b"
"at the faculty of aerospace engineering , 312 students study random - processing methods , 232 students study scramjet rocket engines and 112 students study them both . if every student in the faculty has to study one of the two subjects , how many students are there in the faculty of aerospace engineering ?","""students studying random - processing methods = 312 students studying scramjet rocket engines = 232 students studying them both = 112 therefore ; students studying only random processing methods = 312 - 112 = 200 students studying only scramjet rocket engines = 232 - 112 = 120 students studying both = 112 students studying none = 0 ( as mentioned in question that every student in the faculty has to study one of the two subjects ) total students in faculty of aerospace engineering = students of only random processing methods + students of only scramjet rocket engines + both + none total number of students = 200 + 120 + 112 + 0 = 432 . . . . answer d"""
"if the average ( arithmetic mean ) of a and b is 100 , and the average of b and c is 160 , what is the value of a − c ?","""question : a - c = ? ( a + b ) / 2 = 100 = = = > a + b = 200 ( b + c ) / 2 = 160 = = = > b + c = 320 ( a + b ) - ( b + c ) = 200 - 320 = = = > a + b - b - c = - 120 = = = > a - c = - 120 answer : a"""
"in a company of 11 employees , 5 employees earn $ 32,000 , 4 employees earn $ 45,000 , and the 2 highest - paid employees earn the same amount . if the average annual salary for the 11 employees is $ 48,000 , what is the annual salary for each of the highest - paid employees ?","""5 * 32,000 + 4 * 45,000 + 2 x = 11 * 48,000 2 x = 528,000 - 160,000 - 180,000 2 x = 188,000 x = 94,000 the answer is b ."""
"if n = 2 ^ 0.20 and n ^ b = 16 , b must equal","""20 / 100 = 1 / 5 n = 2 ^ 1 / 5 n ^ b = 2 ^ 4 ( 2 ^ 1 / 5 ) ^ b = 2 ^ 4 b = 20 answer : c"""
a man buys an item at rs . 800 and sells it at the loss of 20 percent . then what is the selling price of that item,"""explanation : here always remember , when ever x % loss , it means s . p . = ( 100 - x ) % of c . p when ever x % profit , it means s . p . = ( 100 + x ) % of c . p so here will be ( 100 - x ) % of c . p . = 80 % of 800 = 80 / 100 * 800 = 640 option a"""
find the expenditure on digging a well 14 m deep and of 3 m diameter at rs . 14 per cubic meter ?,"""22 / 7 * 14 * 3 / 2 * 3 / 2 = 99 m 2 99 * 14 = 1386 answer : a"""
"rani bought more apples than oranges . she sells apples at ₹ 23 apiece and makes 15 % profit . she sells oranges at ₹ 10 apiece and makes 25 % profit . if she gets ₹ 653 after selling all the apples and oranges , find her profit percentage z .","""given : selling price of an apple = 23 - - > cost price = 23 / 1.15 = 20 selling price of an orange = 10 - - > cost price = 10 / 1.25 = 8 a > o 23 * ( a ) + 10 * ( o ) = 653 653 - 23 * ( a ) has to be divisible by 10 - - > units digit has to be 0 values of a can be 1 , 11 , 21 , 31 , . . . . - - > 1 can not be the value between 11 and 21 , if a = 11 , o = 30 - - > not possible if a = 21 , o = 17 - - > possible cost price = 20 * 21 + 8 * 17 = 420 + 136 = 556 profit = 653 - 556 = 97 profit % z = ( 97 / 556 ) * 100 = 17.4 % answer : b"""
"the sum of digits of a two digit number is 13 , the difference between the digits is 5 . find the number","""description : = > x + y = 13 , x - y = 5 adding these 2 x = 18 = > x = 9 , y = 4 . thus the number is 94 answer b"""
"if 8 men or 12 women can do a piece of work in 25 days , in how many days can the same work be done by 6 men and 11 women ?","""8 men = 12 women ( i . e 2 men = 3 women ) 12 women 1 day work = 1 / 25 soln : 6 men ( 9 women ) + 11 women = 20 women = ? 1 women 1 day work = 12 * 25 = 1 / 300 so , 20 women work = 20 / 300 = 1 / 15 ans : 15 days answer : d"""
a train 140 meters long takes 6 seconds to cross a man walking at 5 kmph in the direction opposite to that of the train . find the speed of the train .,"""explanation : let the speed of the train be x kmph . speed of the train relative to man = ( x + 5 ) kmph = ( x + 5 ) × 5 / 18 m / sec . therefore 140 / ( ( x + 5 ) × 5 / 18 ) = 6 < = > 30 ( x + 5 ) = 2520 < = > x = 79 speed of the train is 79 kmph . answer : option e"""
"a train 125 m long passes a man , running at 5 km / hr in the same direction in which the train is going , in 10 seconds . the speed of the train is :","""speed of the train relative to man = ( 125 / 10 ) m / sec = ( 25 / 2 ) m / sec . [ ( 25 / 2 ) * ( 18 / 5 ) ] km / hr = 45 km / hr . let the speed of the train be x km / hr . then , relative speed = ( x - 5 ) km / hr . x - 5 = 45 = = > x = 50 km / hr . answer : b"""
0.002 x 0.6 = ?,"""explanation : 2 x 6 = 12 . sum of decimal places = 4 0.002 x 0.6 = 0.0012 answer - a"""
find the average of all the number between 6 and 34 which are divisible by 5 .,"""solution average = ( 10 + 15 + 20 + 25 + 30 / 5 ) = 100 / 2 = 20 answer b"""
if the wheel is 14 cm then the number of revolutions to cover a distance of 880 cm is ?,"""2 * 22 / 7 * 14 * x = 880 = > x = 10 answer : b"""
"a and b can do a piece of work in 7 days , b and c in 8 days , c and a in 9 days . how long will c take to do it ?","""2 c = 1 / 8 + 1 / 9 – 1 / 7 = 47 / 504 c = 47 / 1008 = > 1008 / 47 = 21.4 days the answer is c ."""
"oil cans x and y are right circular cylinders and the height and radius of y are each 5 times those of x . if the oil in can x filled to capacity sells for $ 1 , how much does the oil in y sell for if y is only 1 / 5 th filled ?","""formula for vol of a cyl is pi * r ^ 2 * h so vy = 125 * vy y when half filled will cost 25 times x so ans is a"""
"what is the smallest positive integer x , such that 1,152 x is a perfect cube ?","""we need to make 1152 x a perfect cube , hence we need to have the powers a multiple of 3 1152 = 2 ^ 7 * 3 ^ 2 the minimum value of x for which 1152 x is a perfect cube = 2 ^ 2 * 3 = 12 correct option : d"""
"car x began traveling at an average speed of 35 miles per hour . after 36 minutes , car y began traveling at an average speed of 38 miles per hour . when both cars had traveled the same distance , both cars stopped . how many miles did car x travel from the time car y began traveling until both cars stopped ?","""in 36 minutes , car x travels 21 miles . car y gains 3 miles each hour , so it takes 7 hours to catch car x . in 7 hours , car x travels 245 miles . the answer is e ."""
"cindy has her eye on a sundress but thinks it is too expensive . it goes on sale for 15 % less than the original price . before cindy can buy the dress , however , the store raises the new price by 25 % . if the dress cost $ 51 after it went on sale for 15 % off , what is the difference between the original price and the final price ?","""0.85 * { original price } = $ 51 - - > { original price } = $ 60 . { final price } = $ 51 * 1.25 = $ 63.75 . the difference = $ 63.75 - 60 $ = $ 3.75 . answer : c ."""
2 trains starting at the same time from 2 stations 200 km apart and going in opposite direction cross each other at a distance of 110 km from one of the stations . what is the ratio of their speeds ?,"in same time , they cover 110 km & 90 km respectively so ratio of their speed = 110 : 90 = 11 : 9 answer : a"
"a grocer has a sale of rs . 4435 , rs . 4927 , rs . 4855 , rs . 5230 and rs . 4562 for 5 consecutive months . how much sale must he have in the sixth month so that he gets an average sale of rs . 4500 ?","""total sale for 5 months = rs . ( 4435 + 4927 + 4855 + 5230 + 4562 ) = rs . 24009 . required sale = rs . [ ( 4500 x 6 ) - 24009 ] = rs . ( 27000 - 24009 ) = rs . 2991 answer : option b"""
"the set s consists of 5 numbers : { 1 , 2,3 , 4,5 } . if all possible subsets including the null set are created and one subset is chosen at random , what is the probability that the subset has 4 or 5 as its largest number ?","""the set s has 2 ^ 5 = 32 subsets . the number 5 is in half of these subsets . thus 5 is the largest number in 16 subsets of s . of the remaining 16 subsets , 4 is an element in 8 of them . thus 4 is the largest number in 8 subsets of s . the probability that 4 or 5 is the largest number is 24 / 32 = 3 / 4 . the answer is c ."""
"at the wholesale store you can buy an 8 - pack of hot dogs for $ 1.55 , a 20 - pack for $ 3.05 , and a 250 - pack for $ 22.95 . what is the greatest number of hot dogs you can buy at this store with $ 211 ?","""i think it should be e . i can buy 8 250 - pack for rs 22.95 * 8 = $ 183.60 now , i can buy 9 20 - pack for 3.05 * 9 = $ 15.25 now , i am left with only $ 1.15 . i can not but anything with this . hence total hotdogs = 250 * 8 + 20 * 9 = 2180"""
what is the sum of all 3 digit integers formed using the digits 34 and 5 ( repetition is allowed ),n = 3 * 3 * 3 = 27 = ( 555 + 333 ) / 2 = 444 sum = number of integers x average value n * = 27 * 444 = 11988 answer = d
"two men are going along a track rail in the opposite direction . one goods train crossed the first person in 20 sec . after 10 min the train crossed the other person who is coming in opposite direction in 18 sec . after the train has passed , when the two persons will meet ?","explanation : let us consider that speed of train , first man and second man are respectively t , f and s . according to first given condition goods train crossed the first person moving in same direction in 20 sec . so length of the will be 20 ( t - f ) similarly train crossed the second man in 18 sec . so length of the train will be 18 ( t + s ) on comparing these two equations , we get 20 ( t - f ) = 18 ( t + s ) = > 2 t = 20 f + 18 s = > t = 10 f + 9 s now it is given that after 10 min the train crossed the other person who is coming in opposite direction . so , if we consider this way of train as l then the next equation will be l = 600 t ( here 600 is used for 10 minutes ) finally as asked in the question the time required to meet the two man after the train has passed will be given by time = ( l - 600 f ) / ( f + s ) { here 600 f is used for the distance traveled by first man in 10 minutes } = > = ( 600 t - 600 f ) / ( f + s ) = > = [ 600 ( 10 f + 9 s ) - 600 f ] / ( f + s ) = > = 600 ( 10 f + 9 s - f ) / ( f + s ) = 600 * 9 ( f + s ) / ( f + s ) = > = 600 * 9 seconds = > = 600 * 9 / 60 min = > = 90 minutes hence ( b ) is the correct answer . answer : b"
"one pipe can fill a tank three times as fast as another pipe . if together the two pipes can fill tank in 35 min , then the slower pipe alone will be able to fill the tank in ?","""let the slower pipe alone fill the tank in x min . then , faster pipe will fill it in x / 3 min . 1 / x + 3 / x = 1 / 35 4 / x = 1 / 35 = > x = 140 min . answer : e"""
"if x ^ 2 + y ^ 2 = 20 and xy = 3 , then ( x − y ) ^ 2 =","""but you can not take xy + 3 to mean xy = - 3 . . only if xy + 3 = 0 , it will mean xy = - 3 . . rest your solution is perfect and you will get your correct answer as 20 - 2 * 3 = 14 . . answer c"""
